{"cameraMode":{"drawMode":0,"name":"Shaded","section":"Shading Mode"},"sceneLighting":false,"audioPlay":false,"sceneViewState":{"m_AlwaysRefresh":false,"showFog":true,"showSkybox":true,"showFlares":true,"showImageEffects":true,"showParticleSystems":true,"showVisualEffectGraphs":true,"m_FxEnabled":true},"in2DMode":false,"pivot":{"x":-1.583205223083496,"y":1.3455058336257935,"z":1.2801828384399415},"rotation":{"x":0.005966720636934042,"y":-0.42900002002716067,"z":0.0028421105816960336,"w":0.903298556804657},"size":0.5645672678947449,"orthographic":false}